bin,n,bad,good,bad_rate,good_pct,bad_pct,woe,iv_part,var
"00: (-inf, 10000.0]",83088,12015,71073,0.144605719237435,0.5067448575808349,0.5384494734483531,-0.060686026433664206,0.0019240271566053834,loan_amnt
"01: (10000.0, 19000.0]",47183,6464,40719,0.1369984952207363,0.29032476560550424,0.28969303159309884,0.002178327166030036,1.3761233609278493e-06,loan_amnt
"02: (19000.0, inf]",32299,3836,28463,0.1187652868509861,0.2029410716195501,0.1719247143177235,0.1658589757752799,0.005144341254361086,loan_amnt
"00: (-inf, 31288.100000000013]",16257,3312,12945,0.203727625023067,0.09229973975972336,0.14844275151243558,-0.4751580502130351,0.02667680399750625,annual_inc
"01: (31288.100000000013, 40000.0]",19389,3435,15954,0.1771623085254526,0.11375352037360521,0.15395473896482187,-0.30262465069834116,0.012165879733814599,annual_inc
"02: (40000.0, 46500.0]",13177,2045,11132,0.1551946573575169,0.0793732843748886,0.09166479946224512,-0.14397659648358582,0.001769690507904238,annual_inc
"03: (46500.0, 54000.0]",17289,2534,14755,0.14656718144484931,0.10520480553277958,0.1135783105534394,-0.07658358060147172,0.0006412729966665287,annual_inc
"04: (54000.0, 60000.0]",15508,2151,13357,0.13870260510704152,0.09523724644397705,0.09641496751064306,-0.012290344756717829,1.4474597936574757e-05,annual_inc
"05: (60000.0, 70000.0]",18009,2316,15693,0.1286023654839247,0.1118926241488717,0.10380909701994175,0.07498609170391679,0.000606152106581041,annual_inc
"06: (70000.0, 80000.0]",15265,1840,13425,0.12053717654765804,0.09572207764429076,0.08247815370826798,0.14891551350231955,0.001972225733718493,annual_inc
"07: (80000.0, 95000.0]",15302,1599,13703,0.10449614429486341,0.0977041816691027,0.07167824333408021,0.30975709794116735,0.008061719129852344,annual_inc
"08: (95000.0, 120000.0]",16366,1641,14725,0.10026885005499206,0.10499090941499412,0.0735603853909926,0.3557671305490484,0.011181947343671948,annual_inc
"09: (120000.0, inf]",16008,1442,14566,0.09007996001999001,0.10385725999073117,0.06464261707371723,0.47414355601027386,0.01859337024034609,annual_inc
"00: (-inf, 7.2]",16308,1720,14588,0.10546970811871474,0.10401411714377384,0.07710060497423257,0.29941550454004706,0.008058322825187897,dti
"01: (7.2, 10.27]",16268,1770,14498,0.10880255716744529,0.10337242879041746,0.07934125028008067,0.2645801069197133,0.006358171779671623,dti
"02: (10.27, 12.62]",16237,1833,14404,0.11289031224979984,0.10270222095468967,0.08216446336544925,0.22311085292476646,0.004582196612897526,dti
"03: (12.62, 14.85]",16264,1913,14351,0.1176217412690605,0.10232433781326869,0.08574949585480618,0.1767173441659054,0.002929062050869109,dti
"04: (14.85, 17.05]",16254,2064,14190,0.12698412698412698,0.10117642864782005,0.0925162446784674,0.08948156397892504,0.0007749268059228894,dti
"05: (17.05, 19.33]",16232,2162,14070,0.13319369147363233,0.10032084417667819,0.09690790947792964,0.03461235096370098,0.00011812969360927794,dti
"06: (19.33, 21.83]",16278,2405,13873,0.14774542327067208,0.09891625966988699,0.10779744566435133,-0.08598033278707393,0.0007636073273479443,dti
"07: (21.83, 24.84]",16228,2504,13724,0.15430120778900666,0.09785390895155253,0.11223392336993054,-0.13710965326600946,0.0019716387908640257,dti
"08: (24.84, 28.65]",16247,2856,13391,0.17578629900904783,0.0954796620441339,0.12800806632310105,-0.2931800181650658,0.009536678157388193,dti
"09: (28.65, inf]",16254,3088,13166,0.18998400393749232,0.09387544116074294,0.13840466054223616,-0.3882129075328044,0.01728681772625559,dti
"00: (-inf, 1.0]",23627,3433,20194,0.14529986879417617,0.14398417168728386,0.15386511315258794,-0.06637295528332196,0.0006558272860337493,emp_length_yrs
"01: (1.0, 2.0]",14669,2038,12631,0.1389324425659554,0.09006096039356885,0.0913511091194264,-0.01422364543114162,1.835061803003686e-05,emp_length_yrs
"02: (2.0, 3.0]",13106,1813,11293,0.13833358766976958,0.08052119354033724,0.08126820524311001,-0.00923443707466039,6.898232563290114e-06,emp_length_yrs
"03: (3.0, 5.0]",18818,2570,16248,0.1365713678393028,0.11584970232790275,0.11519157517365002,0.005697067999409261,3.749395150035511e-06,emp_length_yrs
"04: (5.0, 6.0]",8205,1119,7086,0.13638025594149908,0.050525827956222596,0.050168048397938605,0.007106312258160646,2.5424932607528263e-06,emp_length_yrs
"05: (6.0, 8.0]",17077,2307,14770,0.13509398606312584,0.10531175359167232,0.1034057808648891,0.01826416466896918,3.4810999736532986e-05,emp_length_yrs
"06: (8.0, 10.0]",57422,7090,50332,0.12347184006130055,0.35886421161455917,0.31774591082231685,0.12169203548911325,0.005003769719261587,emp_length_yrs
MISSING,9646,1945,7701,0.2016379846568526,0.054910698370824566,0.08718350885054896,-0.46230699467008607,0.014919946022438641,emp_length_yrs
"00: (-inf, 662.0]",17339,3229,14110,0.1862275794451814,0.10060603900039214,0.14472328030472775,-0.3636112217024016,0.01604152400880913,fico
"01: (662.0, 667.0]",16449,2903,13546,0.17648489269864429,0.09658479198602546,0.13011427291059824,-0.2979917907631313,0.009991510064071694,fico
"02: (667.0, 672.0]",15839,2733,13106,0.17254877201843552,0.093447648925172,0.12249607887071477,-0.27067764530787675,0.007862760617550332,fico
"03: (672.0, 682.0]",26524,4257,22267,0.16049615442618007,0.1587643934262593,0.19079094779296438,-0.1837570135408088,0.005885103984428073,fico
"04: (682.0, 687.0]",11276,1677,9599,0.1487229514012061,0.06844319275605147,0.07517365001120323,-0.09379667238961659,0.0006312944941937874,fico
"05: (687.0, 692.0]",10408,1379,9029,0.13249423520368947,0.0643791665181277,0.06181940398834864,0.040572783925067316,0.00010385669202020925,fico
"06: (692.0, 702.0]",17667,2236,15431,0.12656364974245768,0.11002459805354532,0.10022406453058481,0.09329563467041271,0.0009143469951332564,fico
"07: (702.0, 717.0]",19080,1990,17090,0.10429769392033543,0.12185305336708138,0.08920008962581223,0.31193379380666636,0.010185562858845604,fico
"08: (717.0, 737.0]",14006,1139,12867,0.0813222904469513,0.09174360985348116,0.05106430652027784,0.5859120865311808,0.023834495494591976,fico
"09: (737.0, inf]",13982,772,13210,0.05521384637390931,0.09418915546682828,0.0346179699753529,1.0009321418317334,0.059626714285437935,fico
"00: (-inf, 96.0]",16452,2909,13543,0.17681740821784586,0.0965634023742469,0.13038315034730003,-0.30027761399107117,0.010155313227127757,credit_age_months
"01: (96.0, 124.0]",16388,2534,13854,0.154625335611423,0.09878079212862287,0.1135783105534394,-0.13958938563135856,0.0020655765057888474,credit_age_months
"02: (124.0, 144.0]",16237,2426,13811,0.14941183716203732,0.09847420769313037,0.10873851669280753,-0.0991514077060729,0.0010177206864481034,credit_age_months
"03: (144.0, 178.0]",32265,4407,27858,0.13658763365876336,0.1986274999108766,0.19751288371050862,0.005627394670592506,6.272385265706867e-06,credit_age_months
"04: (178.0, 200.0]",16402,2191,14211,0.13358127057675892,0.10132615593026986,0.09820748375532153,0.03126215881644961,9.74964248296772e-05,credit_age_months
"05: (200.0, 227.0]",16394,2189,14205,0.1335244601683543,0.10128337670671278,0.09811785794308761,0.03175290999101554,0.0001005144323762608,credit_age_months
"06: (227.0, 323.0]",32359,3802,28557,0.11749436014709973,0.20361127945527788,0.1704010755097468,0.17805775716466424,0.005913334429522344,credit_age_months
"07: (323.0, inf]",16073,1857,14216,0.11553536987494556,0.10136180528323412,0.08323997311225632,0.19696866795166704,0.003569433143561162,credit_age_months
"00: (-inf, 0.0]",86569,10418,76151,0.12034330996084049,0.5429503404513208,0.4668832623795653,0.15093860877360446,0.011481458937623939,inq_last_6mths
"01: (0.0, 1.0]",45833,6660,39173,0.14531014771016518,0.2793019856689601,0.2984763611920233,-0.06639715533594656,0.0012731239900746006,inq_last_6mths
"02: (1.0, 2.0]",18893,3191,15702,0.16889853384851533,0.11195679298420734,0.14302038987228322,-0.24487418667756608,0.007606673023247352,inq_last_6mths
"03: (2.0, inf]",11275,2046,9229,0.18146341463414634,0.06580514063669744,0.09170961236836209,-0.33192923739379304,0.008598451546980515,inq_last_6mths
"00: (-inf, 0.0]",128739,17350,111389,0.13476879578061038,0.7941927204021247,0.7775263275823437,0.021208647382325668,0.0003534716484500595,delinq_2yrs
"01: (0.0, 1.0]",21961,3105,18856,0.14138700423477985,0.13444440483405226,0.13916647994622452,-0.03452014728635236,0.0001630067283694054,delinq_2yrs
"02: (1.0, inf]",11870,1860,10010,0.15669755686604886,0.0713735695697123,0.08337441183060722,-0.15541382298491313,0.001865096774804587,delinq_2yrs
"00: (-inf, 0.0]",79535,10548,68987,0.1326208587414346,0.4918719475241524,0.47270894017477033,0.03973856273688867,0.0007615103697808788,ever_delinq
"01: (0.0, 1.0]",83035,11767,71268,0.14171132654904559,0.5081351823464404,0.5273358727313466,-0.03709015603458311,0.0007121566023478921,ever_delinq
"00: (-inf, 6.0]",24514,3249,21265,0.13253650974953088,0.15162026309222487,0.14561953842706699,0.040381806581402356,0.00024232010277665616,open_acc
"01: (6.0, 8.0]",27441,3719,23722,0.13552713093546154,0.16913835513885422,0.166681604302039,0.01463161790652759,3.594623953582244e-05,open_acc
"02: (8.0, 10.0]",29666,4075,25591,0.13736263736263737,0.1824640832768885,0.18263499887967735,-0.0009362697614284527,1.6002311064750772e-07,open_acc
"03: (10.0, 15.0]",51096,7099,43997,0.13893455456395803,0.3136964814088624,0.31814922697736947,-0.014094641220036392,6.275985123221391e-05,open_acc
"04: (15.0, 18.0]",14595,2036,12559,0.1394998287084618,0.08954760971088374,0.09126148330719247,-0.018958393085861076,3.249228933829927e-05,open_acc
"05: (18.0, inf]",15258,2137,13121,0.14005767466247215,0.09355459698406474,0.0957875868250056,-0.023587911889625262,5.2671567618541414e-05,open_acc
"00: (-inf, 11.0]",16384,2614,13770,0.1595458984375,0.09818188299882358,0.11716334304279633,-0.17674734805407205,0.003354922724966513,total_acc
"01: (11.0, 15.0]",18521,2819,15702,0.15220560444900383,0.11195679298420734,0.12634998879677348,-0.12094272522869101,0.0017407523263219323,total_acc
"02: (15.0, 18.0]",16660,2388,14272,0.14333733493397358,0.10176107803643364,0.10703562626036299,-0.05053404130159234,0.00026654423779528635,total_acc
"03: (18.0, 21.0]",17508,2470,15038,0.1410783641763765,0.10722255891055578,0.11071028456195384,-0.03201007610828726,0.00011164236354607759,total_acc
"04: (21.0, 24.0]",17133,2258,14875,0.1317924473238779,0.10606039000392142,0.10120994846515796,0.046811591889640604,0.00022705688979715553,total_acc
"05: (24.0, 27.0]",15655,2025,13630,0.12935164484190353,0.09718370111582475,0.09076854133990589,0.06829024885077623,0.0004380928575149888,total_acc
"06: (27.0, 30.0]",13396,1723,11673,0.12862048372648552,0.08323054436561976,0.07723504369258347,0.07476111235858217,0.0004482302994628214,total_acc
"07: (30.0, inf]",47313,6018,41295,0.1271954853845666,0.29443157106698514,0.2697064754649339,0.08771238004512685,0.002168696982099211,total_acc
"00: (-inf, 0.0]",131792,17611,114181,0.13362723078790822,0.8140993190973583,0.7892224960788707,0.03103409353545766,0.0007720296524207701,pub_rec
"01: (0.0, 1.0]",25785,3930,21855,0.15241419429901104,0.15582688674200562,0.1761371274927179,-0.12251713444814467,0.002488352496729203,pub_rec
"02: (1.0, inf]",4993,774,4219,0.1550170238333667,0.03008448896652526,0.03470759578758682,-0.14294883956889198,0.0006608677552737798,pub_rec
"00: (-inf, 0.0]",140359,18901,121458,0.13466183144650504,0.8659833874015187,0.8470311449697513,0.02212826034268817,0.00041938015460789074,pub_rec_bankruptcies
"01: (0.0, 1.0]",20938,3178,17760,0.151781449995224,0.12663006666429005,0.1424378220927627,-0.11763559338343169,0.0018595546898885439,pub_rec_bankruptcies
"02: (1.0, inf]",1273,236,1037,0.18538884524744698,0.007397240740080567,0.01059825229666144,-0.35958205213712435,0.0011510263044300006,pub_rec_bankruptcies
"00: (-inf, 3128.0]",16264,2513,13751,0.15451303492375798,0.09804641545755945,0.1126372395249832,-0.1387313913887922,0.002024205324382773,revol_bal
"01: (3128.0, 6447.0]",32510,4887,27623,0.15032297754537066,0.19695198032155717,0.21902307864665024,-0.10621716190031585,0.0023443294241142013,revol_bal
"02: (6447.0, 8241.0]",16259,2432,13827,0.14957869487668368,0.09858828562261594,0.1090073941295093,-0.10046326850131715,0.001046737695472385,revol_bal
"03: (8241.0, 10314.0]",16256,2347,13909,0.14437746062992127,0.09917293501122955,0.10519829710956756,-0.058981968484017606,0.00035538771738896673,revol_bal
"04: (10314.0, 12859.0]",16261,2281,13980,0.14027427587479244,0.0996791558233218,0.10224064530584809,-0.02537271615009899,6.499194556160332e-05,revol_bal
"05: (12859.0, 16167.0]",16251,2171,14080,0.13359177896744814,0.10039214288260669,0.09731122563298229,0.031169592160289864,9.603093415039429e-05,revol_bal
"06: (16167.0, 21128.400000000023]",16255,2152,14103,0.13239003383574285,0.1005561299062422,0.09645978041676002,0.04158993990152622,0.00017036692908321133,revol_bal
"07: (21128.400000000023, 30495.20000000001]",16257,1893,14364,0.11644214799778557,0.10241702613097572,0.08485323773246695,0.18812982033364184,0.0033042723557895593,revol_bal
"08: (30495.20000000001, inf]",16257,1639,14618,0.10081810912222428,0.1042280132615593,0.07347075957875868,0.34969343626621413,0.010755609730450219,revol_bal
"00: (-inf, 22.9]",16289,1741,14548,0.10688194487077168,0.1037289223200599,0.07804167600268877,0.28453798838566147,0.007308997394311771,revol_util
"01: (22.9, 33.0]",16467,1945,14522,0.11811501791461711,0.10354354568464583,0.08718350885054896,0.17197706113208927,0.0028135510547407094,revol_util
"02: (33.0, 40.8]",16050,1983,14067,0.12355140186915888,0.10029945456489965,0.08888639928299351,0.12080111504305928,0.0013787098041023393,revol_util
"03: (40.8, 47.8]",16397,2215,14182,0.1350856864060499,0.10111938968307725,0.09928299350212862,0.018327602251187923,3.365673878002711e-05,revol_util
"04: (47.8, 60.8]",32408,4590,27818,0.1416316958775611,0.19834230508716266,0.20571364552991261,-0.03649077991451305,0.00026898596177133766,revol_util
"05: (60.8, 85.3]",48685,7263,41422,0.1491835267536202,0.29533706463227694,0.3254985435805512,-0.09724069117947585,0.0029329230599253993,revol_util
"06: (85.3, inf]",16197,2564,13633,0.1583009199234426,0.09720509072760329,0.11492269773694824,-0.16743662491237843,0.0029665763191686176,revol_util
MISSING,77,14,63,0.18181818181818182,0.000452746782645895,0.0006497871386959445,-0.3613118398378728,7.11930135667529e-05,revol_util
"00: (-inf, 0.0]",68984,11374,57610,0.16487881247825584,0.4107554097893123,0.5097244006273807,-0.21587226138154758,0.021364659858863485,mort_acc
"01: (0.0, 1.0]",25742,3425,22317,0.13305104498484965,0.15912088695590176,0.15350660990365225,0.03592058130057343,0.00020166809529927228,mort_acc
"02: (1.0, 2.0]",21671,2646,19025,0.1220986571916386,0.13564935296424369,0.1185973560385391,0.13433907598544492,0.002290749510705801,mort_acc
"03: (2.0, 3.0]",16541,1860,14681,0.11244785684057795,0.10467719510890877,0.08337441183060722,0.22753983268834768,0.004847231742940866,mort_acc
"04: (3.0, 5.0]",19758,2050,17708,0.10375544083409252,0.1262593133934619,0.09188886399282993,0.3177579881369199,0.010921484852906624,mort_acc
"05: (5.0, inf]",9874,960,8914,0.0972250354466275,0.0635592313999501,0.0430427963253417,0.3897773649562237,0.007996842001676305,mort_acc
"00: (-inf, 1.0]",22668,2154,20514,0.09502382212811011,0.14626573027699546,0.09654940622899395,0.41537017880296023,0.0206506784092443,acc_open_past_24mths
"01: (1.0, 2.0]",22439,2439,20000,0.10869468336378627,0.1426009767922712,0.10932108447232804,0.2657610766577512,0.008844500014002124,acc_open_past_24mths
"02: (2.0, 3.0]",25604,3210,22394,0.12537103577566006,0.1596698869915511,0.14387183508850548,0.10418560843592371,0.0016459296496211101,acc_open_past_24mths
"03: (3.0, 4.0]",23988,3310,20678,0.13798565949641486,0.14743502905422268,0.14835312570020165,-0.006207818532361699,5.69937737340738e-06,acc_open_past_24mths
"04: (4.0, 5.0]",20339,2980,17359,0.1465165445695462,0.1237709885565577,0.1335648666816043,-0.07615426101372912,0.000745845551071451,acc_open_past_24mths
"05: (5.0, 6.0]",15645,2432,13213,0.15544902524768298,0.09421054507860682,0.1090073941295093,-0.14588359715219004,0.0021586175660636225,acc_open_past_24mths
"06: (6.0, 8.0]",18723,3148,15575,0.1681354483789991,0.11105129941891555,0.14109343490925386,-0.23943007836968297,0.007192990854844336,acc_open_past_24mths
"07: (8.0, inf]",13164,2642,10522,0.20069887572166514,0.07502406331325086,0.11841810441407125,-0.456412713409657,0.01980559204463561,acc_open_past_24mths
"00: (-inf, 24.1]",16143,1681,14462,0.10413182184228457,0.10311575344907489,0.07535290163567107,0.3136697440116177,0.008708366621342853,bc_util
"01: (24.1, 38.1]",16106,1788,14318,0.11101452874705078,0.10208905208370468,0.08014788259018597,0.2419720314157041,0.005309149353982997,bc_util
"02: (38.1, 48.9]",16035,1986,14049,0.12385406922357343,0.10017111689422838,0.08902083800134439,0.1180094153753972,0.0013158378934218706,bc_util
"03: (48.9, 58.3]",16138,2061,14077,0.12771099268806543,0.10037075327082813,0.09238180596011651,0.08294080867182879,0.0006626097503870536,bc_util
"04: (58.3, 66.9]",16015,2179,13836,0.136059943802685,0.0986524544579516,0.097669728881918,0.01001143902770094,9.838497185422665e-06,bc_util
"05: (66.9, 75.0]",16275,2278,13997,0.13996927803379416,0.09980036362340024,0.1021062065874972,-0.022841685790878825,5.266934046901138e-05,bc_util
"06: (75.0, 82.7]",15839,2297,13542,0.14502178167813626,0.09655627250365406,0.10295765180371948,-0.06419178300777827,0.00041091595098028267,bc_util
"07: (82.7, 89.7]",16036,2343,13693,0.1461087553005737,0.09763288296317423,0.1050190454850997,-0.07292736699950549,0.0005386533849544523,bc_util
"08: (89.7, 95.6]",16109,2549,13560,0.15823452728288534,0.09668461017432534,0.11425050414519382,-0.16693920283426975,0.0029324363365680894,bc_util
"09: (95.6, inf]",15986,2847,13139,0.17809333166520705,0.09368293465473601,0.1276047501680484,-0.3090215520670925,0.01048257207885737,bc_util
MISSING,1888,306,1582,0.1620762711864407,0.01128302021318313,0.013735155724848756,-0.19665969766792493,0.0004822362283649444,bc_util
"00: (-inf, 0.0]",30857,3194,27663,0.10350973847101144,0.19723717514527112,0.1431548285906341,0.3204801773761145,0.017332320016746564,percent_bc_gt_75
"01: (0.0, 10.0]",1342,151,1191,0.11251862891207154,0.008495240811379274,0.006789155276719696,0.22417957527938298,0.0003824695305502833,percent_bc_gt_75
"02: (10.0, 25.0]",19439,2258,17181,0.1161582385925202,0.12250187159103063,0.10120994846515796,0.19092925114877174,0.004065250937940083,percent_bc_gt_75
"03: (25.0, 33.3]",14077,1799,12278,0.12779711586275486,0.08754411607429326,0.08064082455747255,0.08213782057402554,0.0005670213199788115,percent_bc_gt_75
"04: (33.3, 50.0]",27911,3924,23987,0.14058973164702088,0.17102777084595916,0.17586825005601614,-0.027909189560902978,0.00013509385183909018,percent_bc_gt_75
"05: (50.0, 66.7]",19267,2808,16459,0.14574142315876887,0.11735410502299383,0.1258570468294869,-0.06995081118351394,0.0005947876768104035,percent_bc_gt_75
"06: (66.7, 100.0]",47819,7892,39927,0.1650390012338192,0.28467790809596805,0.3536858615281201,-0.21705072821167226,0.01497822654484577,percent_bc_gt_75
MISSING,1858,289,1569,0.15554359526372444,0.011190331895476097,0.012973336320860408,-0.14784601704103165,0.00026361010265960364,percent_bc_gt_75
"00: (-inf, 0.0]",27546,2775,24771,0.10074057939446744,0.17661758939075256,0.12437822092762715,0.3506597913352457,0.01831824604476457,num_tl_op_past_12m
"01: (0.0, 1.0]",42103,4991,37112,0.11854262166591455,0.26460732237709883,0.22368362088281424,0.16801427798554533,0.006875766159058209,num_tl_op_past_12m
"02: (1.0, 2.0]",38806,5418,33388,0.13961758490955006,0.23805568428933016,0.24281873179475688,-0.019810591374265392,9.435878782622289e-05,num_tl_op_past_12m
"03: (2.0, 3.0]",28055,4408,23647,0.1571199429691677,0.16860361484439057,0.1975576966166256,-0.15848019074974617,0.004588648402247555,num_tl_op_past_12m
"04: (3.0, 4.0]",15674,2746,12928,0.17519458976649227,0.09217853195964493,0.12307864665023527,-0.28909629333710146,0.008933108620740983,num_tl_op_past_12m
"05: (4.0, inf]",10386,1977,8409,0.1903523974581167,0.05995864675056148,0.08861752184629174,-0.39067449778431146,0.01119629163508773,num_tl_op_past_12m
"00: (-inf, 0.0714285714285714]",16425,1709,14716,0.10404870624048707,0.10492674057965848,0.076607663006946,0.3145652868822092,0.008908198760899835,loan_to_income
"01: (0.0714285714285714, 0.1]",16207,1921,14286,0.1185290306657617,0.10186089622473352,0.08610799910374188,0.16800580808758195,0.002646578210532743,loan_to_income
"02: (0.1, 0.12815482766852573]",16139,1946,14193,0.12057748311543466,0.10119781825959859,0.08722832175666592,0.14854812895207722,0.0020751425679132332,loan_to_income
"03: (0.12815482766852573, 0.1538461538461538]",16390,2012,14378,0.12275777913361806,0.1025168443192756,0.0901859735603854,0.1281532086876909,0.0015802406536650022,loan_to_income
"04: (0.1538461538461538, 0.1813471502590673]",16126,2068,14058,0.12824010914051842,0.10023528572956401,0.09269549630293525,0.07820039182888133,0.000589614487469626,loan_to_income
"05: (0.1813471502590673, 0.2105263157894736]",16445,2118,14327,0.12879294618425052,0.10215322091904032,0.09493614160878333,0.07326938004928861,0.0005287909268290769,loan_to_income
"06: (0.2105263157894736, 0.2461538461538461]",16082,2176,13906,0.13530655391120508,0.099151545399451,0.0975352901635671,0.016435178412804556,2.656344316238129e-05,loan_to_income
"07: (0.2461538461538461, 0.2909090909090909]",16288,2412,13876,0.1480844793713163,0.09893764928166554,0.10811113600717007,-0.08866988864364803,0.0008134120464244696,loan_to_income
"08: (0.2909090909090909, 0.350737176841975]",16211,2848,13363,0.17568317808895195,0.09528002566753413,0.12764956307416536,-0.2924685264016321,0.009467070905619945,loan_to_income
"09: (0.350737176841975, inf]",16257,3105,13152,0.1909946484591253,0.09377562297244305,0.13916647994622452,-0.39476597470438546,0.017918765895922197,loan_to_income
"00: (-inf, 0.02867650443769676]",16257,1595,14662,0.0981115827028357,0.10454172756764464,0.07149899170961237,0.3799029509334427,0.012553032859380742,installment_to_income
"01: (0.02867650443769676, 0.040428]",16295,1838,14457,0.11279533599263578,0.10308010409611065,0.08238852789603406,0.2240601929810566,0.0046361585564714,installment_to_income
"02: (0.040428, 0.06129]",32479,3783,28696,0.11647526093783675,0.20460233146768386,0.16954963029352454,0.18792256064697938,0.006587193362241399,installment_to_income
"03: (0.06129, 0.0838533333333333]",32517,4191,28326,0.12888642863732816,0.20196427934832983,0.1878332959892449,0.07253600085813167,0.0010250050210608296,installment_to_income
"04: (0.0838533333333333, 0.098202]",16365,2242,14123,0.1369996944699053,0.10069872731809917,0.10049294196728657,0.0020456654423797963,4.209679807053414e-07,installment_to_income
"05: (0.098202, 0.1166165274725274]",16143,2334,13809,0.14458279130273183,0.09845994795194467,0.10461572933004705,-0.06064407062116528,0.00037331164062209495,installment_to_income
"06: (0.1166165274725274, 0.14313753260869566]",16257,2910,13347,0.17899981546410776,0.09516594773804855,0.130427963253417,-0.3151988826474389,0.011114547890340784,installment_to_income
"07: (0.14313753260869566, inf]",16257,3422,12835,0.2104939410715384,0.09151545399451,0.15337217118530136,-0.5163596049463747,0.03194031005191665,installment_to_income
MORTGAGE,76326,8550,67776,0.11201949532269476,0.4832376742362126,0.3831727537530809,0.23202267011344976,0.023217330035186248,home_ownership
OTHER,1,0,1,0.0,1.069480588927311e-05,2.2406453058480843e-05,-0.7395908076418802,8.661826588691088e-06,home_ownership
OWN,16493,2380,14113,0.14430364397016918,0.1006274286121707,0.10667712301142729,-0.05838185982963331,0.00035319241042951617,home_ownership
RENT,69750,11385,58365,0.16322580645161291,0.41613846208691313,0.5102173425946672,-0.2038187504506056,0.019175039868882277,home_ownership
Not Verified,59289,6857,52432,0.11565383123344972,0.37383693985954153,0.30730450369706475,0.1959805879325016,0.01303906595570383,verification_status
Source Verified,60750,8749,52001,0.1440164609053498,0.37076396563402375,0.3920905220703563,-0.055927087870423726,0.0011927321957883198,verification_status
Verified,42531,6709,35822,0.15774376337259882,0.255409789312324,0.3006721935917544,-0.16315134126024447,0.007384621966852499,verification_status
OTHER,4335,696,3639,0.16055363321799307,0.02594916402267299,0.031212189110463813,-0.18466930097153772,0.0009719191639579975,purpose
credit_card,40100,4634,35466,0.11556109725685786,0.2528715553812698,0.20768541339905894,0.19685717433653208,0.00889521622978738,purpose
debt_consolidation,94822,13616,81206,0.14359536816350635,0.5789918362981712,0.6101949361416088,-0.05249009574595835,0.0016378536983527381,purpose
home_improvement,8654,1029,7625,0.11890455280795008,0.05436882820576806,0.04613488684741206,0.16422155031840427,0.0013521906151000508,purpose
major_purchase,2888,390,2498,0.13504155124653738,0.017813981676232576,0.01749943983867354,0.017814765194528903,5.603488979969906e-06,purpose
medical,1885,321,1564,0.1702917771883289,0.011154682542511854,0.014407349316603181,-0.25587907687872713,0.0008322893715485961,purpose
other,8252,1261,6991,0.1528114396509937,0.04984849024990196,0.056531481066547165,-0.12580945991019718,0.0008407834652269405,purpose
small_business,1634,368,1266,0.2252141982864137,0.00902998110584293,0.01651355590410038,-0.6036313384976513,0.004517320272219436,purpose
